SIMPLE                                            ,3301naoki,Aaron-GMM,Arthur32p,Blackberry216,Brieloki,Daniel-jacodev,DevJLucasTM,DevJulioEmanuel,EstherAzevedo,GerasDeveloper,Henriwi-MS,JessLim2003,KauaLemos,KpSantiago,Luishma34,Pri-Holanda,RafaelSantosS12,Ricardolg11,SabrinaDamascenoDev,Sinh-0,Temporary95Name,Vitoria-Rabelo,Wallisonnobrex,alvwsk,atilacalisto,caduteix,ceciliaabintes,eduspicod,evyhdev,gabreidiasvl,jardesonmagalhaes,joAo-dav1,mateus124,narciso-roberto,rgcastrof,ruan-raujo,vistomia
=:1:revisão-fup===================================,      118,      132,      129,          095,     116,           125,        074,            129,          103,           080,       075,        118,      062,       108,      133,        116,            061,        114,                132,   073,            000,           126,           000,   117,         129,     061,           083,      106,    103,         094,              113,      118,      129,            129,      090,       103,     121
+:1:pintando                                      ,      082,      100,      096,          100,     000,           096,        096,            096,          096,           000,       100,        096,      082,       096,      100,        100,            082,        100,                100,   096,            000,           100,           000,   082,         096,     045,           096,      096,    096,         096,              096,      096,      096,            096,      082,       082,     082
+:2:mumia                                         ,      096,      100,      096,          082,     096,           096,        096,            096,          096,           096,       100,        096,      082,       096,      100,        096,            082,        096,                100,   096,            000,           100,           ---,   082,         096,     096,           082,      096,    082,         096,              096,      096,      096,            096,      096,       096,     100
+:2:fuga                                          ,      100,      100,      096,          100,     096,           096,        082,            096,          082,           096,       100,        082,      082,       096,      100,        096,            082,        082,                096,   096,            000,           100,           ---,   096,         096,     082,           096,      082,    082,         096,              082,      096,      096,            096,      096,       082,     100
+:2:pedra                                         ,      100,      096,      096,          100,     096,           096,        070,            096,          082,           082,       100,        082,      082,       096,      100,        096,            096,        082,                096,   096,            000,           066,           ---,   082,         096,     082,           082,      082,    096,         082,              082,      096,      096,            096,      012,       082,     096
+:2:casais                                        ,      082,      096,      096,          096,     092,           100,        070,            096,          096,           082,       100,        082,      082,       096,      100,        096,            045,        082,                100,   096,            000,           096,           ---,   082,         096,     082,           045,      096,    096,         082,              082,      082,      096,            096,      082,       082,     082
+:3:baruel                                        ,      082,      100,      096,          096,     082,           100,        022,            096,          082,           082,       000,        082,      000,       082,      100,        045,            012,        082,                100,   000,            000,           100,           ---,   082,         096,     000,           096,      045,    082,         045,              082,      082,      096,            096,      012,       045,     096
*:4:gomos                                         ,      082,      100,      096,          000,     096,           082,        022,            096,          045,           000,       ---,        096,      000,       045,      100,        096,            ---,        082,                100,   000,            ---,           096,           ---,   096,         096,     000,           ---,      082,    045,         045,              082,      082,      096,            096,      096,       082,     082
=:1:análise-otimizando-resoluções=================,      097,      106,      095,          082,     078,           065,        033,            077,          073,           102,       045,        123,      019,       082,      116,        116,            050,        087,                106,   064,            000,           098,           000,   079,         026,     082,           027,      085,    065,         035,              100,      099,      096,            091,      030,       080,     092
+:2:analise                                       ,      100,      ---,      000,          ---,     100,           096,        100,            100,          000,           099,       100,        100,      ---,       ---,      100,        100,            ---,        100,                100,   ---,            ---,           100,           ---,   ---,         096,     100,           100,      100,    100,         096,              096,      096,      100,            000,      100,       096,     096
+:6:princesa                                      ,      096,      096,      075,          096,     096,           096,        100,            045,          045,           096,       045,        096,      082,       096,      100,        096,            045,        082,                096,   082,            000,           082,           ---,   082,         000,     082,           082,      082,    082,         000,              082,      082,      096,            096,      002,       082,     100
+:4:apagando                                      ,      096,      082,      096,          096,     096,           096,        032,            082,          096,           082,       100,        096,      045,       096,      100,        100,            045,        082,                096,   002,            000,           082,           ---,   096,         000,     082,           012,      096,    096,         000,              096,      096,      100,            096,      012,       082,     096
+:9:manipulacao                                   ,      096,      096,      096,          082,     045,           096,        022,            082,          082,           082,       082,        096,      000,       082,      100,        100,            012,        082,                100,   082,            ---,           096,           ---,   082,         082,     012,           006,      082,    082,         045,              070,      082,      082,            096,      045,       070,     045
+:15:especiais                                    ,      096,      096,      075,          082,     082,           002,        005,            082,          082,           082,       000,        096,      000,       082,      100,        100,            082,        082,                096,   045,            ---,           066,           ---,   082,         000,     082,           012,      045,    000,         045,              070,      082,      082,            096,      002,       082,     096
*:3:buscas                                        ,      ---,      096,      096,          000,     ---,           096,        ---,            ---,          ---,           082,       000,        096,      ---,       ---,      100,        100,            ---,        000,                100,   082,            000,           100,           ---,   ---,         ---,     082,           000,      096,    096,         000,              082,      082,      000,            ---,      045,       ---,     100
*:3:rotacoes                                      ,      ---,      096,      096,          ---,     ---,           000,        ---,            ---,          ---,           096,       000,        096,      ---,       ---,      100,        100,            ---,        045,                000,   045,            000,           096,           ---,   ---,         ---,     075,           000,      096,    082,         ---,              096,      082,      096,            ---,      082,       ---,     ---
*:4:alternando                                    ,      ---,      000,      000,          ---,     ---,           000,        ---,            ---,          ---,           014,       000,        096,      ---,       ---,      000,        000,            ---,        ---,                000,   000,            000,           014,           ---,   ---,         ---,     032,           000,      000,    ---,         ---,              082,      003,      ---,            000,      ---,       ---,     000
=:1:recursão======================================,      087,      089,      161,          097,     091,           114,        072,            061,          078,           093,       118,        109,      038,       059,      111,        095,            068,        105,                116,   061,            000,           123,           000,   071,         057,     086,           023,      133,    100,         025,              083,      100,      112,            088,      034,       066,     087
*:3:crec_view                                     ,      000,      ---,      100,          100,     096,           100,        100,            100,          000,           082,       100,        100,      ---,       ---,      100,        000,            100,        096,                ---,   ---,            ---,           100,           ---,   000,         ---,     100,           ---,      100,    100,         ---,              096,      096,      096,            096,      ---,       096,     ---
*:1:rec_read                                      ,      000,      000,      100,          100,     096,           100,        100,            100,          ---,           096,       100,        100,      ---,       ---,      100,        100,            100,        100,                ---,   ---,            ---,           100,           ---,   000,         ---,     000,           ---,      100,    100,         096,              096,      096,      096,            096,      ---,       096,     ---
+:2:triangulo                                     ,      100,      100,      096,          082,     100,           096,        ---,            045,          082,           082,       100,        100,      096,       096,      100,        100,            045,        045,                100,   082,            000,           096,           ---,   096,         000,     045,           045,      082,    096,         045,              070,      082,      096,            096,      082,       096,     096
+:4:treinando                                     ,      096,      100,      096,          070,     100,           058,        ---,            082,          082,           082,       082,        096,      100,       096,      100,        100,            045,        045,                096,   002,            ---,           096,           ---,   096,         096,     045,           045,      045,    096,         045,              022,      082,      082,            082,      002,       082,     096
+:1:resto                                         ,      100,      100,      096,          100,     100,           096,        100,            096,          100,           096,       100,        100,      000,       096,      100,        100,            082,        096,                096,   096,            ---,           100,           ---,   100,         096,     096,           045,      082,    100,         082,              096,      096,      096,            096,      082,       082,     100
+:1:mdc                                           ,      096,      100,      082,          000,     100,           100,        ---,            096,          082,           100,       100,        100,      ---,       096,      100,        100,            096,        082,                096,   100,            ---,           100,           ---,   100,         100,     100,           002,      082,    096,         ---,              082,      096,      100,            096,      100,       096,     100
*:2:eh_primo                                      ,      096,      100,      096,          100,     ---,           082,        100,            ---,          096,           100,       000,        100,      ---,       096,      100,        100,            082,        082,                100,   082,            ---,           096,           ---,   100,         ---,     100,           ---,      082,    082,         ---,              096,      096,      ---,            096,      045,       ---,     100
*:2:enesimo                                       ,      096,      100,      096,          100,     ---,           082,        100,            ---,          096,           096,       000,        100,      ---,       ---,      100,        100,            045,        082,                096,   100,            ---,           096,           ---,   096,         ---,     096,           ---,      082,    082,         ---,              082,      096,      ---,            096,      045,       ---,     100
*:3:priminhos                                     ,      096,      100,      096,          100,     ---,           082,        100,            ---,          082,           082,       000,        096,      ---,       ---,      100,        100,            045,        082,                ---,   096,            ---,           100,           ---,   000,         ---,     096,           ---,      082,    082,         ---,              082,      082,      ---,            000,      ---,       ---,     100
+:10:fractais                                     ,      000,      001,      096,          000,     036,           036,        ---,            000,          001,           000,       000,        000,      ---,       000,      000,        001,            000,        002,                082,   000,            ---,           036,           ---,   000,         045,     000,           000,      082,    000,         000,              000,      000,      082,            000,      000,       000,     000
*:10:fractais_png                                 ,      ---,      ---,      ---,          ---,     ---,           ---,        ---,            ---,          ---,           ---,       ---,        000,      ---,       ---,      ---,        000,            ---,        002,                ---,   ---,            ---,           000,           ---,   ---,         ---,     ---,           ---,      ---,    ---,         ---,              ---,      000,      ---,            ---,      ---,       ---,     ---
*:10:hex                                          ,      ---,      000,      000,          ---,     ---,           000,        ---,            000,          ---,           ---,       100,        000,      ---,       ---,      ---,        000,            000,        045,                000,   ---,            ---,           000,           ---,   000,         ---,     ---,           ---,      ---,    000,         ---,              000,      000,      000,            000,      000,       ---,     000
*:1:vetequals                                     ,      100,      100,      096,          100,     100,           096,        100,            096,          082,           000,       000,        100,      096,       100,      100,        100,            000,        ---,                100,   082,            ---,           000,           ---,   100,         ---,     100,           096,      096,    045,         ---,              096,      096,      096,            100,      082,       096,     100
=:1:busca-em-profundidade---dfs-depth-first-search,      033,      099,      096,          015,     069,           035,        010,            033,          077,           058,       036,        077,      018,       033,      099,        100,            017,        022,                087,   018,            000,           072,           000,   018,         062,     057,           004,      048,    033,         018,              079,      066,      099,            088,      040,       033,     018
+:0:dfs_bfs_bak                                   ,      ---,      ---,      100,          ---,     100,           ---,        100,            ---,          100,           ---,       ---,        ---,      ---,       ---,      100,        100,            ---,        100,                ---,   ---,            ---,           000,           ---,   ---,         ---,     100,           ---,      100,    ---,         ---,              ---,      100,      ---,            ---,      000,       ---,     ---
+:2:queimada                                      ,      096,      100,      096,          082,     096,           096,        ---,            096,          096,           096,       100,        100,      096,       082,      096,        100,            045,        100,                100,   096,            ---,           000,           ---,   096,         096,     082,           012,      082,    096,         002,              082,      096,      100,            100,      000,       096,     096
+:1:ilhas                                         ,      ---,      100,      096,          ---,     082,           ---,        ---,            082,          082,           082,       ---,        082,      ---,       ---,      100,        100,            012,        ---,                096,   ---,            ---,           096,           ---,   ---,         096,     096,           ---,      082,    ---,         082,              096,      ---,      100,            100,      045,       ---,     ---
+:2:queimando                                     ,      ---,      100,      096,          000,     096,           ---,        ---,            ---,          082,           096,       ---,        000,      ---,       ---,      100,        100,            045,        ---,                096,   ---,            ---,           082,           ---,   ---,         100,     100,           ---,      096,    ---,         012,              096,      ---,      100,            100,      082,       ---,     000
+:1:cercado                                       ,      ---,      100,      096,          ---,     096,           ---,        ---,            ---,          082,           ---,       ---,        096,      ---,       ---,      100,        100,            ---,        045,                096,   ---,            ---,           096,           ---,   ---,         ---,     ---,           ---,      ---,    ---,         ---,              ---,      100,      100,            100,      045,       ---,     ---
+:2:labirinto                                     ,      082,      096,      096,          000,     096,           096,        053,            045,          082,           082,       100,        096,      ---,       096,      100,        100,            000,        ---,                096,   000,            ---,           096,           ---,   ---,         096,     082,           012,      045,    082,         045,              082,      082,      096,            096,      012,       082,     ---
+:1:pintura                                       ,      ---,      100,      096,          ---,     ---,           ---,        ---,            ---,          082,           ---,       ---,        100,      ---,       ---,      100,        100,            ---,        ---,                082,   ---,            ---,           096,           ---,   ---,         ---,     ---,           ---,      ---,    ---,         ---,              082,      100,      100,            100,      082,       ---,     ---
+:1:longest                                       ,      ---,      100,      096,          ---,     ---,           ---,        ---,            ---,          000,           ---,       ---,        082,      ---,       ---,      100,        100,            ---,        ---,                092,   ---,            ---,           045,           ---,   ---,         ---,     ---,           ---,      ---,    ---,         ---,              082,      082,      100,            082,      000,       ---,     ---
+:1:battleship                                    ,      ---,      100,      096,          ---,     ---,           ---,        ---,            ---,          082,           ---,       ---,        096,      ---,       ---,      100,        100,            ---,        ---,                ---,   ---,            ---,           100,           ---,   ---,         ---,     ---,           ---,      ---,    ---,         ---,              082,      082,      100,            ---,      082,       ---,     ---
=:1:busca-em-largura---bfs-breadth-first-search===,      000,      000,      000,          000,     000,           000,        000,            000,          000,           000,       000,        000,      000,       000,      000,        000,            000,        000,                000,   000,            000,           000,           000,   000,         000,     000,           000,      000,    000,         000,              000,      000,      000,            000,      000,       000,     000
*:3:caminho                                       ,      ---,      100,      000,          ---,     ---,           ---,        ---,            000,          000,           096,       ---,        082,      ---,       ---,      100,        ---,            ---,        ---,                082,   ---,            ---,           096,           ---,   ---,         100,     096,           000,      082,    ---,         000,              096,      ---,      096,            000,      082,       ---,     ---
*:1:rotten                                        ,      ---,      ---,      ---,          ---,     ---,           ---,        ---,            ---,          ---,           ---,       ---,        082,      ---,       ---,      100,        ---,            ---,        ---,                ---,   ---,            ---,           ---,           ---,   ---,         ---,     100,           ---,      ---,    ---,         ---,              ---,      082,      100,            ---,      045,       ---,     ---
*:1:detonate                                      ,      ---,      ---,      ---,          ---,     ---,           ---,        ---,            ---,          ---,           ---,       ---,        082,      ---,       ---,      100,        ---,            ---,        ---,                ---,   ---,            ---,           ---,           ---,   ---,         ---,     096,           ---,      ---,    ---,         ---,              ---,      082,      100,            ---,      ---,       ---,     ---
*:1:escapeSpread                                  ,      ---,      ---,      ---,          ---,     ---,           ---,        ---,            ---,          ---,           ---,       ---,        070,      ---,       ---,      100,        ---,            ---,        ---,                ---,   ---,            ---,           000,           ---,   ---,         ---,     082,           ---,      ---,    ---,         ---,              ---,      082,      100,            ---,      ---,       ---,     ---
=:1:algoritmo-de-retrocesso---backtracking========,      000,      095,      058,          000,     000,           000,        096,            000,          092,           501,       000,        289,      000,       000,      100,        027,            000,        000,                177,   082,            000,           049,           000,   000,         000,     000,           000,      191,    000,         278,              569,      247,      068,            000,      173,       000,     000
+:2:wordsearch                                    ,      ---,      ---,      000,          ---,     ---,           ---,        ---,            ---,          025,           000,       ---,        ---,      ---,       ---,      000,        ---,            ---,        000,                050,   ---,            ---,           ---,           ---,   ---,         000,     ---,           ---,      000,    ---,         ---,              082,      ---,      025,            ---,      082,       ---,     ---
+:3:pilhado                                       ,      ---,      ---,      096,          000,     ---,           ---,        ---,            ---,          000,           096,       ---,        ---,      ---,       ---,      ---,        045,            ---,        ---,                096,   ---,            ---,           082,           ---,   ---,         000,     ---,           ---,      045,    ---,         000,              000,      ---,      096,            000,      096,       ---,     000
*:5:distancia                                     ,      ---,      082,      000,          ---,     ---,           ---,        096,            ---,          ---,           082,       000,        096,      ---,       ---,      100,        ---,            ---,        ---,                100,   082,            ---,           000,           ---,   ---,         ---,     000,           ---,      000,    ---,         045,              096,      082,      ---,            ---,      082,       ---,     000
*:10:sudoku                                       ,      ---,      006,      000,          ---,     ---,           ---,        ---,            ---,          000,           082,       000,        096,      ---,       000,      000,        ---,            ---,        ---,                000,   ---,            ---,           ---,           ---,   ---,         ---,     ---,           ---,      082,    ---,         012,              082,      082,      ---,            ---,      000,       ---,     ---
*:5:subset_sum                                    ,      ---,      ---,      ---,          ---,     ---,           ---,        ---,            ---,          ---,           ---,       ---,        ---,      ---,       ---,      ---,        ---,            ---,        ---,                ---,   ---,            ---,           ---,           ---,   ---,         ---,     ---,           ---,      ---,    ---,         045,              096,      ---,      ---,            ---,      ---,       ---,     ---
*:5:n_rainhas                                     ,      ---,      ---,      ---,          ---,     ---,           ---,        ---,            ---,          ---,           096,       ---,        ---,      ---,       ---,      ---,        ---,            ---,        ---,                ---,   ---,            ---,           ---,           ---,   ---,         ---,     ---,           ---,      ---,    ---,         082,              082,      ---,      ---,            ---,      ---,       ---,     ---
*:5:permutacoes                                   ,      ---,      ---,      ---,          ---,     ---,           ---,        ---,            ---,          082,           100,       ---,        ---,      ---,       ---,      ---,        ---,            ---,        ---,                ---,   ---,            ---,           ---,           ---,   ---,         ---,     ---,           ---,      ---,    ---,         082,              096,      ---,      ---,            ---,      ---,       ---,     ---
=:1:vetor=========================================,      086,      100,      096,          091,     063,           073,        021,            059,          082,           082,       025,        097,      025,       074,      100,        051,            022,        065,                098,   036,            000,           092,           000,   084,         098,     049,           013,      080,    054,         078,              043,      084,      096,            096,      040,       021,     093
+:10:vetbuild                                     ,      096,      100,      096,          082,     075,           096,        ---,            096,          082,           082,       100,        096,      100,       096,      100,        012,            045,        070,                100,   082,            ---,           096,           ---,   096,         100,     032,           005,      096,    082,         082,              082,      082,      096,            096,      045,       082,     096
+:10:setbuild                                     ,      082,      100,      096,          082,     045,           082,        082,            045,          082,           082,       000,        096,      000,       000,      100,        045,            045,        082,                096,   002,            ---,           082,           ---,   096,         096,     082,           012,      045,    045,         082,              000,      082,      096,            096,      045,       000,     082
+:0:bettersearch                                  ,      100,      100,      096,          ---,     096,           000,        ---,            000,          ---,           096,       ---,        100,      ---,       000,      100,        ---,            ---,        045,                000,   082,            ---,           096,           ---,   ---,         096,     082,           ---,      000,    ---,         ---,              082,      096,      000,            100,      ---,       ---,     082
+:5:magicsearch                                   ,      082,      100,      096,          100,     096,           096,        ---,            ---,          082,           082,       000,        100,      000,       100,      100,        082,            ---,        082,                096,   082,            ---,           100,           ---,   096,         096,     082,           000,      096,    045,         082,              096,      096,      096,            096,      012,       ---,     096
+:10:multiset                                     ,      082,      100,      096,          100,     082,           022,        ---,            096,          082,           082,       000,        096,      ---,       100,      100,        082,            ---,        045,                100,   012,            ---,           100,           ---,   096,         096,     ---,           012,      082,    045,         082,              000,      082,      096,            096,      045,       ---,     096
+:5:iterador                                      ,      082,      100,      096,          100,     ---,           082,        ---,            ---,          082,           082,       000,        096,      ---,       100,      100,        045,            ---,        045,                096,   012,            ---,           082,           ---,   ---,         100,     082,           045,      096,    045,         045,              082,      082,      096,            096,      045,       ---,     096
=:1:lista=========================================,      092,      106,      109,          079,     019,           096,        000,            094,          070,           140,       000,        142,      000,       100,      115,        065,            036,        074,                113,   048,            000,           098,           000,   069,         000,     105,           007,      088,    000,         049,              093,      134,      106,            080,      077,       000,     041
+:3:lista_d1                                      ,      082,      100,      096,          096,     045,           096,        000,            082,          096,           082,       ---,        096,      000,       100,      100,        012,            045,        082,                100,   002,            ---,           053,           ---,   082,         ---,     082,           ---,      082,    ---,         045,              082,      096,      096,            096,      082,       ---,     000
+:3:lista_d2                                      ,      096,      100,      096,          082,     045,           096,        ---,            012,          082,           082,       ---,        082,      ---,       100,      100,        082,            045,        082,                096,   045,            ---,           082,           ---,   096,         ---,     082,           ---,      082,    ---,         082,              082,      096,      096,            096,      082,       ---,     000
*:3:lista_d3                                      ,      ---,      100,      082,          ---,     ---,           096,        ---,            100,          082,           096,       ---,        082,      ---,       ---,      100,        045,            000,        082,                096,   096,            ---,           000,           ---,   096,         ---,     082,           ---,      000,    ---,         045,              014,      082,      096,            ---,      000,       ---,     000
+:2:lista_d4                                      ,      096,      100,      096,          100,     045,           096,        ---,            096,          045,           096,       ---,        096,      ---,       100,      100,        082,            082,        000,                096,   045,            ---,           100,           ---,   096,         ---,     075,           ---,      082,    ---,         045,              082,      082,      096,            ---,      096,       ---,     000
+:3:prin_list1                                    ,      082,      100,      096,          000,     000,           ---,        ---,            082,          012,           082,       ---,        082,      ---,       100,      100,        100,            082,        ---,                100,   000,            ---,           096,           ---,   100,         ---,     082,           045,      082,    ---,         082,              082,      096,      096,            096,      000,       ---,     000
*:2:prin_list2                                    ,      ---,      100,      ---,          000,     ---,           000,        ---,            000,          ---,           ---,       ---,        082,      ---,       ---,      ---,        ---,            ---,        ---,                000,   000,            ---,           082,           ---,   ---,         ---,     096,           000,      ---,    ---,         045,              082,      096,      ---,            ---,      ---,       ---,     000
*:4:editor                                        ,      ---,      100,      000,          ---,     ---,           ---,        ---,            000,          ---,           096,       ---,        082,      ---,       000,      ---,        ---,            ---,        000,                000,   096,            ---,           000,           ---,   ---,         ---,     000,           000,      ---,    ---,         ---,              082,      082,      000,            ---,      003,       ---,     000
*:4:controlz                                      ,      ---,      005,      ---,          ---,     ---,           ---,        ---,            000,          ---,           096,       ---,        082,      ---,       ---,      ---,        ---,            ---,        ---,                ---,   000,            ---,           000,           ---,   ---,         ---,     ---,           000,      ---,    ---,         ---,              082,      022,      ---,            ---,      ---,       ---,     000
+:8:editorint                                     ,      096,      000,      096,          096,     ---,           096,        ---,            096,          053,           082,       ---,        082,      ---,       100,      100,        045,            000,        082,                096,   000,            ---,           100,           ---,   ---,         ---,     082,           000,      096,    ---,         000,              000,      082,      082,            082,      096,       ---,     096
=:1:deque-pilha-e-fila============================,      065,      100,      096,          086,     042,           021,        000,            040,          075,           093,       000,        000,      000,       066,      100,        084,            028,        000,                098,   000,            000,           089,           000,   000,         096,     000,           000,      079,    000,         045,              000,      000,      096,            099,      056,       000,     000
+:4:bufferring                                    ,      096,      100,      096,          096,     045,           000,        ---,            000,          096,           096,       ---,        ---,      ---,       100,      100,        082,            000,        ---,                100,   ---,            ---,           082,           ---,   000,         096,     ---,           ---,      096,    ---,         045,              ---,      ---,      100,            100,      045,       ---,     ---
+:2:fila_enc                                      ,      100,      100,      096,          096,     100,           096,        ---,            082,          082,           082,       ---,        ---,      ---,       100,      100,        082,            082,        000,                096,   ---,            ---,           096,           ---,   ---,         096,     ---,           000,      045,    ---,         045,              ---,      ---,      100,            100,      082,       ---,     ---
+:2:pilha                                         ,      000,      100,      096,          096,     ---,           000,        ---,            100,          022,           096,       ---,        ---,      ---,       000,      100,        082,            045,        ---,                096,   ---,            ---,           096,           ---,   ---,         096,     ---,           ---,      096,    ---,         045,              ---,      ---,      082,            100,      082,       000,     ---
+:1:chaves                                        ,      ---,      100,      096,          000,     ---,           ---,        ---,            000,          082,           096,       ---,        ---,      ---,       ---,      100,        100,            000,        ---,                100,   ---,            ---,           082,           ---,   ---,         096,     ---,           000,      045,    ---,         045,              ---,      ---,      100,            096,      ---,       ---,     ---
=:1:ordenação=====================================,      000,      000,      022,          000,     008,           000,        031,            000,          000,           073,       000,        000,      000,       000,      100,        023,            000,        000,                023,   000,            000,           000,           000,   000,         000,     000,           063,      071,    000,         002,              000,      031,      000,            000,      000,       007,     000
+:1:ord_video                                     ,      ---,      ---,      000,          ---,     100,           ---,        100,            ---,          ---,           099,       ---,        ---,      ---,       ---,      100,        ---,            ---,        000,                ---,   ---,            ---,           ---,           ---,   ---,         ---,     ---,           100,      100,    ---,         ---,              ---,      100,      ---,            ---,      ---,       096,     ---
+:1:ord_leitura                                   ,      ---,      ---,      000,          ---,     ---,           ---,        100,            ---,          ---,           100,       ---,        ---,      ---,       ---,      100,        ---,            ---,        ---,                ---,   ---,            ---,           ---,           ---,   ---,         ---,     ---,           100,      100,    ---,         ---,              ---,      100,      ---,            ---,      ---,       ---,     ---
+:1:ord_simples                                   ,      ---,      ---,      000,          ---,     ---,           ---,        100,            ---,          ---,           100,       ---,        ---,      ---,       ---,      100,        ---,            ---,        ---,                ---,   ---,            ---,           ---,           ---,   ---,         ---,     ---,           100,      100,    ---,         ---,              ---,      100,      ---,            ---,      ---,       ---,     ---
+:1:ord_recurs                                    ,      ---,      ---,      000,          ---,     ---,           ---,        100,            ---,          ---,           100,       ---,        ---,      ---,       ---,      100,        ---,            ---,        ---,                ---,   ---,            ---,           ---,           ---,   ---,         ---,     ---,           100,      100,    ---,         ---,              ---,      100,      ---,            ---,      ---,       ---,     ---
+:1:vacina                                        ,      ---,      000,      096,          ---,     ---,           ---,        ---,            ---,          ---,           100,       ---,        ---,      ---,       ---,      100,        100,            ---,        ---,                100,   ---,            ---,           ---,           ---,   ---,         ---,     ---,           082,      045,    ---,         000,              ---,      ---,      ---,            ---,      ---,       ---,     ---
+:2:indices                                       ,      ---,      ---,      096,          ---,     ---,           ---,        ---,            ---,          ---,           082,       ---,        ---,      ---,       ---,      100,        100,            ---,        ---,                100,   ---,            ---,           ---,           ---,   ---,         ---,     ---,           045,      096,    ---,         012,              ---,      ---,      ---,            ---,      ---,       ---,     ---
+:3:tapioca                                       ,      ---,      ---,      000,          ---,     ---,           ---,        ---,            ---,          ---,           096,       ---,        ---,      ---,       ---,      100,        000,            ---,        ---,                000,   ---,            ---,           ---,           ---,   ---,         ---,     ---,           082,      096,    ---,         ---,              ---,      ---,      ---,            ---,      ---,       ---,     ---
+:3:mergevet                                      ,      ---,      ---,      000,          ---,     ---,           ---,        ---,            ---,          ---,           ---,       ---,        ---,      ---,       ---,      100,        000,            ---,        ---,                ---,   ---,            ---,           ---,           ---,   ---,         ---,     ---,           000,      000,    ---,         ---,              ---,      ---,      ---,            ---,      ---,       ---,     ---
=:1:árvore========================================,      000,      005,      004,          000,     000,           000,        000,            002,          000,           040,       000,        000,      000,       000,      000,        000,            000,        000,                000,   000,            000,           046,           000,   000,         000,     000,           000,      045,    000,         021,              000,      000,      005,            000,      006,       000,     000
+:1:serial                                        ,      ---,      100,      096,          ---,     ---,           ---,        000,            045,          ---,           100,       ---,        ---,      ---,       ---,      ---,        ---,            ---,        ---,                ---,   ---,            ---,           082,           ---,   ---,         ---,     ---,           ---,      096,    ---,         012,              000,      ---,      100,            ---,      082,       ---,     ---
+:1:formatada                                     ,      ---,      000,      000,          ---,     ---,           ---,        ---,            000,          ---,           096,       ---,        ---,      ---,       ---,      ---,        ---,            ---,        ---,                ---,   ---,            ---,           096,           ---,   ---,         ---,     ---,           ---,      045,    ---,         ---,              000,      ---,      ---,            ---,      045,       ---,     ---
+:1:soma                                          ,      ---,      ---,      ---,          ---,     ---,           ---,        ---,            000,          ---,           100,       ---,        ---,      ---,       ---,      ---,        ---,            ---,        ---,                ---,   ---,            ---,           100,           ---,   ---,         ---,     ---,           ---,      096,    ---,         ---,              000,      ---,      ---,            ---,      000,       ---,     ---
+:2:altura                                        ,      ---,      ---,      ---,          ---,     ---,           ---,        ---,            000,          ---,           096,       ---,        ---,      ---,       ---,      ---,        ---,            ---,        ---,                ---,   ---,            ---,           082,           ---,   ---,         ---,     ---,           ---,      096,    ---,         012,              000,      ---,      ---,            ---,      ---,       ---,     ---
+:4:arvore-path                                   ,      ---,      ---,      ---,          ---,     ---,           ---,        ---,            000,          ---,           100,       ---,        ---,      ---,       ---,      ---,        ---,            ---,        ---,                ---,   ---,            ---,           096,           ---,   ---,         ---,     ---,           ---,      096,    ---,         082,              000,      ---,      ---,            ---,      ---,       ---,     ---
+:2:dividido                                      ,      ---,      ---,      ---,          ---,     ---,           ---,        ---,            000,          ---,           ---,       ---,        ---,      ---,       ---,      ---,        ---,            ---,        ---,                ---,   ---,            ---,           096,           ---,   ---,         ---,     ---,           ---,      082,    ---,         045,              000,      ---,      ---,            ---,      ---,       ---,     ---
+:3:arvore                                        ,      ---,      ---,      ---,          ---,     ---,           ---,        ---,            000,          ---,           ---,       ---,        ---,      ---,       ---,      ---,        ---,            ---,        ---,                ---,   ---,            ---,           000,           ---,   ---,         ---,     ---,           ---,      000,    ---,         000,              000,      ---,      ---,            ---,      ---,       ---,     ---
+:4:incompleta                                    ,      ---,      ---,      ---,          ---,     ---,           ---,        ---,            000,          ---,           ---,       ---,        ---,      ---,       ---,      ---,        ---,            ---,        ---,                ---,   ---,            ---,           ---,           ---,   ---,         ---,     ---,           ---,      000,    ---,         000,              000,      ---,      ---,            ---,      ---,       ---,     ---
+:4:abb                                           ,      ---,      ---,      ---,          ---,     ---,           ---,        ---,            000,          ---,           ---,       ---,        ---,      ---,       ---,      ---,        ---,            ---,        ---,                ---,   ---,            ---,           ---,           ---,   ---,         ---,     ---,           ---,      ---,    ---,         ---,              000,      ---,      ---,            ---,      ---,       ---,     ---
=:1:recursão-padrões-e-conceitos==================,      000,      003,      000,          000,     000,           000,        000,            000,          000,           000,       000,        000,      000,       000,      000,        000,            000,        000,                000,   000,            000,           000,           000,   000,         000,     000,           000,      000,    000,         000,              000,      000,      000,            000,      000,       000,     000
+:1:escada                                        ,      ---,      100,      000,          ---,     ---,           ---,        ---,            ---,          ---,           ---,       ---,        ---,      ---,       ---,      ---,        ---,            ---,        ---,                000,   ---,            ---,           ---,           ---,   ---,         ---,     ---,           ---,      ---,    ---,         ---,              ---,      ---,      ---,            ---,      ---,       ---,     ---
+:1:binomiais                                     ,      ---,      ---,      ---,          ---,     ---,           ---,        ---,            ---,          ---,           ---,       ---,        ---,      ---,       ---,      ---,        ---,            ---,        ---,                ---,   ---,            ---,           ---,           ---,   ---,         ---,     ---,           ---,      ---,    ---,         ---,              ---,      ---,      ---,            ---,      ---,       ---,     ---
+:2:diagonal                                      ,      ---,      ---,      ---,          ---,     ---,           ---,        ---,            ---,          ---,           ---,       ---,        ---,      ---,       ---,      ---,        000,            ---,        ---,                ---,   ---,            ---,           ---,           ---,   ---,         ---,     ---,           ---,      ---,    ---,         ---,              ---,      ---,      ---,            ---,      ---,       ---,     ---
+:2:sufixos                                       ,      ---,      ---,      ---,          ---,     ---,           ---,        ---,            ---,          ---,           ---,       ---,        ---,      ---,       ---,      ---,        ---,            ---,        ---,                ---,   ---,            ---,           ---,           ---,   ---,         ---,     ---,           ---,      ---,    ---,         ---,              ---,      ---,      ---,            ---,      ---,       ---,     ---
+:2:padroes1                                      ,      ---,      ---,      ---,          ---,     ---,           ---,        ---,            ---,          ---,           ---,       ---,        ---,      ---,       ---,      ---,        ---,            ---,        ---,                ---,   ---,            ---,           ---,           ---,   ---,         ---,     ---,           ---,      ---,    ---,         ---,              ---,      ---,      ---,            ---,      ---,       ---,     ---
+:3:padroes2                                      ,      ---,      ---,      ---,          ---,     ---,           ---,        ---,            ---,          ---,           ---,       ---,        ---,      ---,       ---,      ---,        ---,            ---,        ---,                ---,   ---,            ---,           ---,           ---,   ---,         ---,     ---,           ---,      ---,    ---,         ---,              ---,      ---,      ---,            ---,      ---,       ---,     ---
+:4:padroes3                                      ,      ---,      ---,      ---,          ---,     ---,           ---,        ---,            ---,          ---,           ---,       ---,        ---,      ---,       ---,      ---,        ---,            ---,        ---,                ---,   ---,            ---,           ---,           ---,   ---,         ---,     ---,           ---,      ---,    ---,         ---,              ---,      ---,      ---,            ---,      ---,       ---,     ---
+:3:quadrado                                      ,      ---,      ---,      ---,          ---,     ---,           ---,        ---,            ---,          ---,           ---,       ---,        ---,      ---,       ---,      ---,        ---,            ---,        ---,                ---,   ---,            ---,           ---,           ---,   ---,         ---,     ---,           ---,      ---,    ---,         ---,              ---,      ---,      ---,            ---,      000,       ---,     ---
+:2:fib1                                          ,      ---,      ---,      ---,          ---,     ---,           ---,        ---,            ---,          ---,           ---,       ---,        ---,      ---,       ---,      ---,        ---,            ---,        ---,                ---,   ---,            ---,           ---,           ---,   ---,         ---,     ---,           ---,      ---,    ---,         ---,              ---,      ---,      ---,            ---,      ---,       ---,     ---
+:2:fib2                                          ,      ---,      ---,      ---,          ---,     ---,           ---,        ---,            ---,          ---,           ---,       ---,        ---,      ---,       ---,      ---,        ---,            ---,        ---,                ---,   ---,            ---,           ---,           ---,   ---,         ---,     ---,           ---,      ---,    ---,         ---,              ---,      ---,      ---,            ---,      ---,       ---,     ---
+:3:santo                                         ,      ---,      ---,      ---,          ---,     ---,           ---,        ---,            ---,          ---,           ---,       ---,        ---,      ---,       ---,      ---,        ---,            ---,        ---,                ---,   ---,            ---,           ---,           ---,   ---,         ---,     ---,           ---,      ---,    ---,         ---,              ---,      ---,      ---,            ---,      ---,       ---,     ---
+:4:bitcoin                                       ,      ---,      ---,      ---,          ---,     ---,           ---,        ---,            ---,          ---,           ---,       ---,        ---,      ---,       ---,      ---,        ---,            ---,        ---,                ---,   ---,            ---,           ---,           ---,   ---,         ---,     ---,           ---,      ---,    ---,         ---,              ---,      ---,      ---,            ---,      ---,       ---,     ---
=:1:pilha-e-fila==================================,      000,      000,      000,          000,     000,           000,        000,            000,          000,           000,       000,        000,      000,       000,      000,        000,            000,        000,                000,   000,            000,           000,           000,   000,         000,     000,           000,      000,    000,         000,              000,      000,      000,            000,      000,       000,     000
*:2:balanceada                                    ,      ---,      ---,      ---,          ---,     ---,           ---,        ---,            ---,          ---,           ---,       ---,        ---,      ---,       ---,      ---,        ---,            ---,        ---,                ---,   ---,            ---,           ---,           ---,   ---,         ---,     ---,           ---,      ---,    ---,         ---,              ---,      ---,      ---,            ---,      ---,       ---,     000
*:2:caminhao                                      ,      ---,      ---,      ---,          ---,     ---,           ---,        ---,            ---,          ---,           ---,       ---,        ---,      ---,       ---,      ---,        ---,            ---,        ---,                ---,   ---,            ---,           ---,           ---,   ---,         ---,     ---,           000,      000,    ---,         ---,              ---,      ---,      ---,            ---,      ---,       ---,     ---
*:3:polonesa                                      ,      ---,      ---,      ---,          ---,     ---,           ---,        ---,            ---,          ---,           ---,       ---,        ---,      ---,       ---,      ---,        ---,            ---,        ---,                ---,   ---,            ---,           ---,           ---,   ---,         ---,     ---,           ---,      ---,    ---,         ---,              ---,      ---,      ---,            ---,      ---,       ---,     ---
